{"cameraMode":{"drawMode":0,"name":"Shaded","section":"Shading Mode"},"sceneLighting":false,"audioPlay":false,"sceneViewState":{"m_AlwaysRefresh":false,"showFog":true,"showSkybox":false,"showFlares":true,"showImageEffects":true,"showParticleSystems":true,"showVisualEffectGraphs":true,"m_FxEnabled":true},"in2DMode":false,"pivot":{"x":-1.1920928955078126e-7,"y":-0.023845195770263673,"z":-0.08468186855316162},"rotation":{"x":0.29861578345298769,"y":0.2980484366416931,"z":-0.09881257265806198,"w":0.9013292789459229},"size":1.4096348285675049,"orthographic":false}