{"cameraMode":{"drawMode":0,"name":"Shaded","section":"Shading Mode"},"sceneLighting":false,"audioPlay":false,"sceneViewState":{"m_AlwaysRefresh":false,"showFog":true,"showSkybox":false,"showFlares":true,"showImageEffects":true,"showParticleSystems":true,"showVisualEffectGraphs":true,"m_FxEnabled":true},"in2DMode":false,"pivot":{"x":0.9390870332717896,"y":-0.5734876990318298,"z":-1.1589480638504029},"rotation":{"x":0.3272799551486969,"y":-0.011167970485985279,"z":0.003858114592730999,"w":0.9448676705360413},"size":2.7613394260406496,"orthographic":false}